Hora,Barra,Vm
22,Barra_3,0.9021699903134102
23,Barra_3,0.902169990313356
22,Barra_9,0.9452268314928354
23,Barra_9,0.9452268314927492
22,Barra_10,0.9427483119839005
23,Barra_10,0.9427483119838174
22,Barra_14,0.9290395220900789
23,Barra_14,0.9290395220900014
