Hora,Barra,Vm
22,Barra_14,0.9497163917398624
23,Barra_14,0.949716391739793
